Provinsi,Tahun,UMP,UMP_Juta
Aceh,2002,330000.0,0.33
Aceh,2003,425000.0,0.425
Aceh,2004,550000.0,0.55
Aceh,2005,620000.0,0.62
Aceh,2006,820000.0,0.82
Aceh,2007,850000.0,0.85
Aceh,2008,1000000.0,1.0
Aceh,2009,1200000.0,1.2
Aceh,2010,1300000.0,1.3
Aceh,2011,1350000.0,1.35
Aceh,2012,1400000.0,1.4
Aceh,2013,1550000.0,1.55
Aceh,2014,1750000.0,1.75
Aceh,2015,1900000.0,1.9
Aceh,2016,2118500.0,2.118
Aceh,2017,2500000.0,2.5
Aceh,2018,2700000.0,2.7
Aceh,2019,2916810.0,2.917
Aceh,2020,3165031.0,3.165
Aceh,2021,3165031.0,3.165
Aceh,2022,3166460.0,3.166
Aceh,2026,3932552.0,3.933
Bali,2002,341000.0,0.341
Bali,2003,410000.0,0.41
Bali,2004,425000.0,0.425
Bali,2005,447500.0,0.448
Bali,2006,510000.0,0.51
Bali,2007,622000.0,0.622
Bali,2008,682650.0,0.683
Bali,2009,760000.0,0.76
Bali,2010,829316.0,0.829
Bali,2011,890000.0,0.89
Bali,2012,967500.0,0.968
Bali,2013,1181000.0,1.181
Bali,2014,1542600.0,1.543
Bali,2015,1621172.0,1.621
Bali,2016,1807600.0,1.808
Bali,2017,1956727.0,1.957
Bali,2018,2127157.0,2.127
Bali,2019,2297969.0,2.298
Bali,2020,2494000.0,2.494
Bali,2021,2494000.0,2.494
Bali,2022,2516971.0,2.517
Bali,2026,3207459.0,3.207
Banten,2002,360000.0,0.36
Banten,2003,475000.0,0.475
Banten,2004,515000.0,0.515
Banten,2005,585000.0,0.585
Banten,2006,661613.0,0.662
Banten,2007,746500.0,0.746
Banten,2008,837000.0,0.837
Banten,2009,917500.0,0.918
Banten,2010,955300.0,0.955
Banten,2011,1000000.0,1.0
Banten,2012,1042000.0,1.042
Banten,2013,1170000.0,1.17
Banten,2014,1325000.0,1.325
Banten,2015,1600000.0,1.6
Banten,2016,1784000.0,1.784
Banten,2017,1931180.0,1.931
Banten,2018,2099385.0,2.099
Banten,2019,2267990.0,2.268
Banten,2020,2460997.0,2.461
Banten,2021,3230023.0,3.23
Banten,2022,2501203.0,2.501
Banten,2026,3100881.0,3.101
Bengkulu,2002,295000.0,0.295
Bengkulu,2003,330000.0,0.33
Bengkulu,2004,363000.0,0.363
Bengkulu,2005,430000.0,0.43
Bengkulu,2006,516000.0,0.516
Bengkulu,2007,644838.0,0.645
Bengkulu,2008,690000.0,0.69
Bengkulu,2009,735000.0,0.735
Bengkulu,2010,780000.0,0.78
Bengkulu,2011,815000.0,0.815
Bengkulu,2012,930000.0,0.93
Bengkulu,2013,1200000.0,1.2
Bengkulu,2014,1350000.0,1.35
Bengkulu,2015,1500000.0,1.5
Bengkulu,2016,1605000.0,1.605
Bengkulu,2017,1737412.0,1.737
Bengkulu,2018,1888741.0,1.889
Bengkulu,2019,2040407.0,2.04
Bengkulu,2020,2213604.0,2.214
Bengkulu,2021,2460996.0,2.461
Bengkulu,2022,2238094.0,2.238
Bengkulu,2026,2827250.0,2.827
DI Yogyakarta,2002,321800.0,0.322
DI Yogyakarta,2003,360000.0,0.36
DI Yogyakarta,2004,365000.0,0.365
DI Yogyakarta,2005,400000.0,0.4
DI Yogyakarta,2006,460000.0,0.46
DI Yogyakarta,2007,500000.0,0.5
DI Yogyakarta,2008,586000.0,0.586
DI Yogyakarta,2009,700000.0,0.7
DI Yogyakarta,2010,745694.0,0.746
DI Yogyakarta,2011,808000.0,0.808
DI Yogyakarta,2012,892660.0,0.893
DI Yogyakarta,2013,947114.0,0.947
DI Yogyakarta,2014,988500.0,0.988
DI Yogyakarta,2015,988500.0,0.988
DI Yogyakarta,2016,988500.0,0.988
DI Yogyakarta,2017,1337645.0,1.338
DI Yogyakarta,2018,1454154.0,1.454
DI Yogyakarta,2019,1570923.0,1.571
DI Yogyakarta,2020,1704608.0,1.705
DI Yogyakarta,2021,2215000.0,2.215
DI Yogyakarta,2022,1840916.0,1.841
DI Yogyakarta,2026,2417495.0,2.417
DKI Jakarta,2002,591300.0,0.591
DKI Jakarta,2003,631600.0,0.632
DKI Jakarta,2004,671600.0,0.672
DKI Jakarta,2005,711843.0,0.712
DKI Jakarta,2006,819100.0,0.819
DKI Jakarta,2007,900560.0,0.901
DKI Jakarta,2008,972604.0,0.973
DKI Jakarta,2009,1069865.0,1.07
DKI Jakarta,2010,1118009.0,1.118
DKI Jakarta,2011,1290000.0,1.29
DKI Jakarta,2012,1529150.0,1.529
DKI Jakarta,2013,2200000.0,2.2
DKI Jakarta,2014,2441000.0,2.441
DKI Jakarta,2015,2700000.0,2.7
DKI Jakarta,2016,3100000.0,3.1
DKI Jakarta,2017,3355750.0,3.356
DKI Jakarta,2018,3648036.0,3.648
DKI Jakarta,2019,3940973.0,3.941
DKI Jakarta,2020,4276350.0,4.276
DKI Jakarta,2021,1765000.0,1.765
DKI Jakarta,2022,4641854.0,4.642
DKI Jakarta,2026,5729876.0,5.73
Gorontalo,2002,375000.0,0.375
Gorontalo,2003,410000.0,0.41
Gorontalo,2004,430000.0,0.43
Gorontalo,2005,435000.0,0.435
Gorontalo,2006,527000.0,0.527
Gorontalo,2007,560000.0,0.56
Gorontalo,2008,600000.0,0.6
Gorontalo,2009,675000.0,0.675
Gorontalo,2010,710000.0,0.71
Gorontalo,2011,762500.0,0.762
Gorontalo,2012,837500.0,0.838
Gorontalo,2013,1175000.0,1.175
Gorontalo,2014,1325000.0,1.325
Gorontalo,2015,1600000.0,1.6
Gorontalo,2016,1875000.0,1.875
Gorontalo,2017,2030000.0,2.03
Gorontalo,2018,2206813.0,2.207
Gorontalo,2019,2384020.0,2.384
Gorontalo,2020,2788826.0,2.789
Gorontalo,2021,4416186.0,4.416
Gorontalo,2022,2800580.0,2.801
Gorontalo,2026,3405144.0,3.405
Indonesia,2002,362700.0,0.363
Indonesia,2003,414700.0,0.415
Indonesia,2004,458500.0,0.458
Indonesia,2005,507697.0,0.508
Indonesia,2006,602702.0,0.603
Indonesia,2007,672480.0,0.672
Indonesia,2008,745709.0,0.746
Indonesia,2009,841530.0,0.842
Indonesia,2010,908824.0,0.909
Indonesia,2011,988829.0,0.989
Indonesia,2012,1088903.0,1.089
Indonesia,2013,1296908.0,1.297
Indonesia,2014,1584391.0,1.584
Indonesia,2015,1790342.0,1.79
Indonesia,2016,1997819.0,1.998
Indonesia,2017,2073332.0,2.073
Indonesia,2018,2268874.0,2.269
Indonesia,2019,2455662.0,2.456
Indonesia,2020,2672371.0,2.672
Indonesia,2021,2684743.0,2.685
Indonesia,2022,2729463.0,2.729
Jambi,2002,304000.0,0.304
Jambi,2003,390000.0,0.39
Jambi,2004,425000.0,0.425
Jambi,2005,485000.0,0.485
Jambi,2006,563000.0,0.563
Jambi,2007,658000.0,0.658
Jambi,2008,724000.0,0.724
Jambi,2009,800000.0,0.8
Jambi,2010,900000.0,0.9
Jambi,2011,1028000.0,1.028
Jambi,2012,1142500.0,1.142
Jambi,2013,1300000.0,1.3
Jambi,2014,1502300.0,1.502
Jambi,2015,1710000.0,1.71
Jambi,2016,1906650.0,1.907
Jambi,2017,2063000.0,2.063
Jambi,2018,2243719.0,2.244
Jambi,2019,2423889.0,2.424
Jambi,2020,2630162.0,2.63
Jambi,2021,2788826.0,2.789
Jambi,2022,2698941.0,2.699
Jambi,2026,3471497.0,3.471
Jawa Barat,2002,280800.0,0.281
Jawa Barat,2003,320000.0,0.32
Jawa Barat,2004,366500.0,0.366
Jawa Barat,2005,408260.0,0.408
Jawa Barat,2006,447654.0,0.448
Jawa Barat,2007,516840.0,0.517
Jawa Barat,2008,568193.0,0.568
Jawa Barat,2009,628191.0,0.628
Jawa Barat,2010,671500.0,0.672
Jawa Barat,2011,732000.0,0.732
Jawa Barat,2012,780000.0,0.78
Jawa Barat,2013,850000.0,0.85
Jawa Barat,2014,1000000.0,1.0
Jawa Barat,2015,1000000.0,1.0
Jawa Barat,2016,2250000.0,2.25
Jawa Barat,2017,1420624.0,1.421
Jawa Barat,2018,1544361.0,1.544
Jawa Barat,2019,1668373.0,1.668
Jawa Barat,2020,1810351.0,1.81
Jawa Barat,2021,2630162.0,2.63
Jawa Barat,2022,1841487.0,1.841
Jawa Barat,2026,2317601.0,2.318
Jawa Tengah,2002,314500.0,0.314
Jawa Tengah,2003,340400.0,0.34
Jawa Tengah,2004,365000.0,0.365
Jawa Tengah,2005,390000.0,0.39
Jawa Tengah,2006,450000.0,0.45
Jawa Tengah,2007,500000.0,0.5
Jawa Tengah,2008,547000.0,0.547
Jawa Tengah,2009,575000.0,0.575
Jawa Tengah,2010,660000.0,0.66
Jawa Tengah,2011,675000.0,0.675
Jawa Tengah,2012,765000.0,0.765
Jawa Tengah,2013,830000.0,0.83
Jawa Tengah,2014,910000.0,0.91
Jawa Tengah,2015,910000.0,0.91
Jawa Tengah,2016,910000.0,0.91
Jawa Tengah,2017,1367000.0,1.367
Jawa Tengah,2018,1486065.0,1.486
Jawa Tengah,2019,1605396.0,1.605
Jawa Tengah,2020,1742015.0,1.742
Jawa Tengah,2021,1810351.0,1.81
Jawa Tengah,2022,1812935.0,1.813
Jawa Tengah,2026,2327386.0,2.327
Jawa Timur,2002,245000.0,0.245
Jawa Timur,2003,274000.0,0.274
Jawa Timur,2004,310000.0,0.31
Jawa Timur,2005,340000.0,0.34
Jawa Timur,2006,390000.0,0.39
Jawa Timur,2007,448500.0,0.448
Jawa Timur,2008,500000.0,0.5
Jawa Timur,2009,570000.0,0.57
Jawa Timur,2010,630000.0,0.63
Jawa Timur,2011,705000.0,0.705
Jawa Timur,2012,745000.0,0.745
Jawa Timur,2013,866250.0,0.866
Jawa Timur,2014,1000000.0,1.0
Jawa Timur,2015,1000000.0,1.0
Jawa Timur,2016,1000000.0,1.0
Jawa Timur,2017,1338000.0,1.338
Jawa Timur,2018,1508895.0,1.509
Jawa Timur,2019,1630059.0,1.63
Jawa Timur,2020,1768777.0,1.769
Jawa Timur,2021,1798979.0,1.799
Jawa Timur,2022,1891567.0,1.892
Jawa Timur,2026,2446880.0,2.447
Kalimantan Barat,2002,380000.0,0.38
Kalimantan Barat,2003,400000.0,0.4
Kalimantan Barat,2004,420000.0,0.42
Kalimantan Barat,2005,445200.0,0.445
Kalimantan Barat,2006,512000.0,0.512
Kalimantan Barat,2007,560000.0,0.56
Kalimantan Barat,2008,645000.0,0.645
Kalimantan Barat,2009,705000.0,0.705
Kalimantan Barat,2010,741000.0,0.741
Kalimantan Barat,2011,802500.0,0.802
Kalimantan Barat,2012,900000.0,0.9
Kalimantan Barat,2013,1060000.0,1.06
Kalimantan Barat,2014,1380000.0,1.38
Kalimantan Barat,2015,1560000.0,1.56
Kalimantan Barat,2016,1739400.0,1.739
Kalimantan Barat,2017,1882900.0,1.883
Kalimantan Barat,2018,2046900.0,2.047
Kalimantan Barat,2019,2211500.0,2.212
Kalimantan Barat,2020,2399699.0,2.4
Kalimantan Barat,2021,1868777.0,1.869
Kalimantan Barat,2022,2434328.0,2.434
Kalimantan Barat,2026,3054552.0,3.055
Kalimantan Selatan,2002,377500.0,0.378
Kalimantan Selatan,2003,425000.0,0.425
Kalimantan Selatan,2004,482200.0,0.482
Kalimantan Selatan,2005,536300.0,0.536
Kalimantan Selatan,2006,629000.0,0.629
Kalimantan Selatan,2007,745000.0,0.745
Kalimantan Selatan,2008,825000.0,0.825
Kalimantan Selatan,2009,930000.0,0.93
Kalimantan Selatan,2010,1024500.0,1.024
Kalimantan Selatan,2011,1126000.0,1.126
Kalimantan Selatan,2012,1225000.0,1.225
Kalimantan Selatan,2013,1337500.0,1.338
Kalimantan Selatan,2014,1620000.0,1.62
Kalimantan Selatan,2015,1870000.0,1.87
Kalimantan Selatan,2016,2085050.0,2.085
Kalimantan Selatan,2017,2258000.0,2.258
Kalimantan Selatan,2018,2454671.0,2.455
Kalimantan Selatan,2019,2651782.0,2.652
Kalimantan Selatan,2020,2877449.0,2.877
Kalimantan Selatan,2021,2399698.0,2.4
Kalimantan Selatan,2022,2906473.0,2.906
Kalimantan Selatan,2026,3725000.0,3.725
Kalimantan Tengah,2002,362000.0,0.362
Kalimantan Tengah,2003,425000.0,0.425
Kalimantan Tengah,2004,482300.0,0.482
Kalimantan Tengah,2005,523698.0,0.524
Kalimantan Tengah,2006,634260.0,0.634
Kalimantan Tengah,2007,665973.0,0.666
Kalimantan Tengah,2008,765868.0,0.766
Kalimantan Tengah,2009,873089.0,0.873
Kalimantan Tengah,2010,986590.0,0.987
Kalimantan Tengah,2011,1134580.0,1.135
Kalimantan Tengah,2012,1327459.0,1.327
Kalimantan Tengah,2013,1553127.0,1.553
Kalimantan Tengah,2014,1723970.0,1.724
Kalimantan Tengah,2015,1896367.0,1.896
Kalimantan Tengah,2016,2057558.0,2.058
Kalimantan Tengah,2017,2227307.0,2.227
Kalimantan Tengah,2018,2421305.0,2.421
Kalimantan Tengah,2019,2663435.0,2.663
Kalimantan Tengah,2020,2903145.0,2.903
Kalimantan Tengah,2021,2877448.0,2.877
Kalimantan Tengah,2022,2922516.0,2.923
Kalimantan Tengah,2026,3686138.0,3.686
Kalimantan Timur,2002,500000.0,0.5
Kalimantan Timur,2003,540000.0,0.54
Kalimantan Timur,2004,572700.0,0.573
Kalimantan Timur,2005,600000.0,0.6
Kalimantan Timur,2006,701640.0,0.702
Kalimantan Timur,2007,766500.0,0.766
Kalimantan Timur,2008,889654.0,0.89
Kalimantan Timur,2009,955000.0,0.955
Kalimantan Timur,2010,1002000.0,1.002
Kalimantan Timur,2011,1084000.0,1.084
Kalimantan Timur,2012,1177000.0,1.177
Kalimantan Timur,2013,1752073.0,1.752
Kalimantan Timur,2014,1886315.0,1.886
Kalimantan Timur,2015,2026126.0,2.026
Kalimantan Timur,2016,2161253.0,2.161
Kalimantan Timur,2017,2354800.0,2.355
Kalimantan Timur,2018,2543332.0,2.543
Kalimantan Timur,2019,2747561.0,2.748
Kalimantan Timur,2020,2981379.0,2.981
Kalimantan Timur,2021,2903144.0,2.903
Kalimantan Timur,2022,3014497.0,3.014
Kalimantan Timur,2026,3762431.0,3.762
Kalimantan Utara,2015,2026126.0,2.026
Kalimantan Utara,2016,2175340.0,2.175
Kalimantan Utara,2017,2358800.0,2.359
Kalimantan Utara,2018,2559903.0,2.56
Kalimantan Utara,2019,2765463.0,2.765
Kalimantan Utara,2020,3000804.0,3.001
Kalimantan Utara,2021,2981378.0,2.981
Kalimantan Utara,2022,3016738.0,3.017
Kalimantan Utara,2026,3775243.0,3.775
Kep. Bangka Belitung,2002,345000.0,0.345
Kep. Bangka Belitung,2003,379500.0,0.38
Kep. Bangka Belitung,2004,447900.0,0.448
Kep. Bangka Belitung,2005,560000.0,0.56
Kep. Bangka Belitung,2006,640000.0,0.64
Kep. Bangka Belitung,2007,720000.0,0.72
Kep. Bangka Belitung,2008,813000.0,0.813
Kep. Bangka Belitung,2009,850000.0,0.85
Kep. Bangka Belitung,2010,910000.0,0.91
Kep. Bangka Belitung,2011,1024000.0,1.024
Kep. Bangka Belitung,2012,1110000.0,1.11
Kep. Bangka Belitung,2013,1265000.0,1.265
Kep. Bangka Belitung,2014,1640000.0,1.64
Kep. Bangka Belitung,2015,2100000.0,2.1
Kep. Bangka Belitung,2016,2341500.0,2.342
Kep. Bangka Belitung,2017,2538673.0,2.539
Kep. Bangka Belitung,2018,2755444.0,2.755
Kep. Bangka Belitung,2019,2976706.0,2.977
Kep. Bangka Belitung,2020,3230024.0,3.23
Kep. Bangka Belitung,2021,3000804.0,3.001
Kep. Bangka Belitung,2022,3264884.0,3.265
Kep. Bangka Belitung,2026,4035000.0,4.035
Kep. Riau,2005,557000.0,0.557
Kep. Riau,2006,760000.0,0.76
Kep. Riau,2007,805000.0,0.805
Kep. Riau,2008,833000.0,0.833
Kep. Riau,2009,892000.0,0.892
Kep. Riau,2010,925000.0,0.925
Kep. Riau,2011,975000.0,0.975
Kep. Riau,2012,1015000.0,1.015
Kep. Riau,2013,1365087.0,1.365
Kep. Riau,2014,1665000.0,1.665
Kep. Riau,2015,1954000.0,1.954
Kep. Riau,2016,2178710.0,2.179
Kep. Riau,2017,2358454.0,2.358
Kep. Riau,2018,2563875.0,2.564
Kep. Riau,2019,2769754.0,2.77
Kep. Riau,2020,3005460.0,3.005
Kep. Riau,2021,3005460.0,3.005
Kep. Riau,2022,3050172.0,3.05
Kepulauan Riau,2026,3879520.0,3.88
Lampung,2002,310000.0,0.31
Lampung,2003,350000.0,0.35
Lampung,2004,377500.0,0.378
Lampung,2005,405000.0,0.405
Lampung,2006,505000.0,0.505
Lampung,2007,555000.0,0.555
Lampung,2008,617000.0,0.617
Lampung,2009,691000.0,0.691
Lampung,2010,767500.0,0.768
Lampung,2011,855000.0,0.855
Lampung,2012,975000.0,0.975
Lampung,2013,1150000.0,1.15
Lampung,2014,1399037.0,1.399
Lampung,2015,1581000.0,1.581
Lampung,2016,1763000.0,1.763
Lampung,2017,1908447.0,1.908
Lampung,2018,2074673.0,2.075
Lampung,2019,2241270.0,2.241
Lampung,2020,2432002.0,2.432
Lampung,2021,2432001.0,2.432
Lampung,2022,2440486.0,2.44
Lampung,2026,3047734.0,3.048
Maluku,2002,285000.0,0.285
Maluku,2003,370000.0,0.37
Maluku,2004,450000.0,0.45
Maluku,2005,500000.0,0.5
Maluku,2006,575000.0,0.575
Maluku,2007,635000.0,0.635
Maluku,2008,700000.0,0.7
Maluku,2009,775000.0,0.775
Maluku,2010,840000.0,0.84
Maluku,2011,900000.0,0.9
Maluku,2012,975000.0,0.975
Maluku,2013,1275000.0,1.275
Maluku,2014,1415000.0,1.415
Maluku,2015,1650000.0,1.65
Maluku,2016,1775000.0,1.775
Maluku,2017,1925000.0,1.925
Maluku,2018,2222220.0,2.222
Maluku,2019,2400664.0,2.401
Maluku,2020,2604961.0,2.605
Maluku,2021,2604961.0,2.605
Maluku,2022,2619313.0,2.619
Maluku,2026,3334490.0,3.334
Maluku Utara,2002,322000.0,0.322
Maluku Utara,2003,370000.0,0.37
Maluku Utara,2004,400000.0,0.4
Maluku Utara,2005,440000.0,0.44
Maluku Utara,2006,528000.0,0.528
Maluku Utara,2007,660000.0,0.66
Maluku Utara,2008,700000.0,0.7
Maluku Utara,2009,770000.0,0.77
Maluku Utara,2010,847000.0,0.847
Maluku Utara,2011,889350.0,0.889
Maluku Utara,2012,960498.0,0.96
Maluku Utara,2013,1200622.0,1.201
Maluku Utara,2014,1440746.0,1.441
Maluku Utara,2015,1577617.0,1.578
Maluku Utara,2016,1681266.0,1.681
Maluku Utara,2017,1975000.0,1.975
Maluku Utara,2018,2320803.0,2.321
Maluku Utara,2019,2508091.0,2.508
Maluku Utara,2020,2721530.0,2.722
Maluku Utara,2021,2721530.0,2.722
Maluku Utara,2022,2862231.0,2.862
Maluku Utara,2026,3510240.0,3.51
Nusa Tenggara Barat,2002,320000.0,0.32
Nusa Tenggara Barat,2003,375000.0,0.375
Nusa Tenggara Barat,2004,412500.0,0.412
Nusa Tenggara Barat,2005,475000.0,0.475
Nusa Tenggara Barat,2006,550000.0,0.55
Nusa Tenggara Barat,2007,645000.0,0.645
Nusa Tenggara Barat,2008,730000.0,0.73
Nusa Tenggara Barat,2009,832500.0,0.832
Nusa Tenggara Barat,2010,890775.0,0.891
Nusa Tenggara Barat,2011,950000.0,0.95
Nusa Tenggara Barat,2012,1000000.0,1.0
Nusa Tenggara Barat,2013,1100000.0,1.1
Nusa Tenggara Barat,2014,1210000.0,1.21
Nusa Tenggara Barat,2015,1330000.0,1.33
Nusa Tenggara Barat,2016,1482950.0,1.483
Nusa Tenggara Barat,2017,1631245.0,1.631
Nusa Tenggara Barat,2018,1825000.0,1.825
Nusa Tenggara Barat,2019,2012610.0,2.013
Nusa Tenggara Barat,2020,2183883.0,2.184
Nusa Tenggara Barat,2021,2183883.0,2.184
Nusa Tenggara Barat,2022,2207212.0,2.207
Nusa Tenggara Barat,2026,2673861.0,2.674
Nusa Tenggara Timur,2002,330000.0,0.33
Nusa Tenggara Timur,2003,350000.0,0.35
Nusa Tenggara Timur,2004,400000.0,0.4
Nusa Tenggara Timur,2005,450000.0,0.45
Nusa Tenggara Timur,2006,550000.0,0.55
Nusa Tenggara Timur,2007,600000.0,0.6
Nusa Tenggara Timur,2008,650000.0,0.65
Nusa Tenggara Timur,2009,725000.0,0.725
Nusa Tenggara Timur,2010,800000.0,0.8
Nusa Tenggara Timur,2011,850000.0,0.85
Nusa Tenggara Timur,2012,925000.0,0.925
Nusa Tenggara Timur,2013,1010000.0,1.01
Nusa Tenggara Timur,2014,1150000.0,1.15
Nusa Tenggara Timur,2015,1250000.0,1.25
Nusa Tenggara Timur,2016,1425000.0,1.425
Nusa Tenggara Timur,2017,1525000.0,1.525
Nusa Tenggara Timur,2018,1660000.0,1.66
Nusa Tenggara Timur,2019,1795000.0,1.795
Nusa Tenggara Timur,2020,1950000.0,1.95
Nusa Tenggara Timur,2021,1950000.0,1.95
Nusa Tenggara Timur,2022,1975000.0,1.975
Nusa Tenggara Timur,2026,2455898.0,2.456
Papua,2002,530000.0,0.53
Papua,2003,600000.0,0.6
Papua,2004,650000.0,0.65
Papua,2005,700000.0,0.7
Papua,2006,822500.0,0.822
Papua,2007,987000.0,0.987
Papua,2008,1105500.0,1.106
Papua,2009,1216100.0,1.216
Papua,2010,1316500.0,1.316
Papua,2011,1403000.0,1.403
Papua,2012,1585000.0,1.585
Papua,2013,1710000.0,1.71
Papua,2014,2040000.0,2.04
Papua,2015,2193000.0,2.193
Papua,2016,2435000.0,2.435
Papua,2017,2663646.0,2.664
Papua,2018,3000000.0,3.0
Papua,2019,3240900.0,3.241
Papua,2020,3516700.0,3.517
Papua,2021,3516700.0,3.517
Papua,2022,3561932.0,3.562
Papua,2026,4436283.0,4.436
Papua Barat,2006,822500.0,0.822
Papua Barat,2007,987000.0,0.987
Papua Barat,2008,1105500.0,1.106
Papua Barat,2009,1180000.0,1.18
Papua Barat,2010,1210000.0,1.21
Papua Barat,2011,1410000.0,1.41
Papua Barat,2012,1450000.0,1.45
Papua Barat,2013,1720000.0,1.72
Papua Barat,2014,1870000.0,1.87
Papua Barat,2015,2015000.0,2.015
Papua Barat,2016,2237000.0,2.237
Papua Barat,2017,2421500.0,2.422
Papua Barat,2018,2667000.0,2.667
Papua Barat,2019,2934500.0,2.934
Papua Barat,2020,3134600.0,3.135
Papua Barat,2021,3134600.0,3.135
Papua Barat,2022,3200000.0,3.2
Papua Barat,2026,3841000.0,3.841
Papua Barat Daya,2026,3766000.0,3.766
Papua Pegunungan,2026,4508714.0,4.509
Papua Selatan,2026,4508100.0,4.508
Papua Tengah,2026,4285848.0,4.286
Riau,2002,394000.0,0.394
Riau,2003,437500.0,0.438
Riau,2004,476900.0,0.477
Riau,2005,551500.0,0.552
Riau,2006,637000.0,0.637
Riau,2007,710000.0,0.71
Riau,2008,800000.0,0.8
Riau,2009,901600.0,0.902
Riau,2010,1016000.0,1.016
Riau,2011,1120000.0,1.12
Riau,2012,1238000.0,1.238
Riau,2013,1400000.0,1.4
Riau,2014,1700000.0,1.7
Riau,2015,1878000.0,1.878
Riau,2016,2095000.0,2.095
Riau,2017,2266722.0,2.267
Riau,2018,2464154.0,2.464
Riau,2019,2662026.0,2.662
Riau,2020,2888564.0,2.889
Riau,2021,2888564.0,2.889
Riau,2022,2938564.0,2.939
Riau,2026,3780495.0,3.78
Sulawesi Barat,2006,612000.0,0.612
Sulawesi Barat,2007,691464.0,0.691
Sulawesi Barat,2008,760500.0,0.76
Sulawesi Barat,2009,909400.0,0.909
Sulawesi Barat,2010,944200.0,0.944
Sulawesi Barat,2011,1006000.0,1.006
Sulawesi Barat,2012,1127000.0,1.127
Sulawesi Barat,2013,1165000.0,1.165
Sulawesi Barat,2014,1400000.0,1.4
Sulawesi Barat,2015,1655500.0,1.656
Sulawesi Barat,2016,1864000.0,1.864
Sulawesi Barat,2017,2017780.0,2.018
Sulawesi Barat,2018,2193530.0,2.194
Sulawesi Barat,2019,2381000.0,2.381
Sulawesi Barat,2020,2678863.0,2.679
Sulawesi Barat,2021,2678863.0,2.679
Sulawesi Barat,2022,2678863.0,2.679
Sulawesi Barat,2026,3315934.0,3.316
Sulawesi Selatan,2002,375000.0,0.375
Sulawesi Selatan,2003,415000.0,0.415
Sulawesi Selatan,2004,455000.0,0.455
Sulawesi Selatan,2005,510000.0,0.51
Sulawesi Selatan,2006,612000.0,0.612
Sulawesi Selatan,2007,673200.0,0.673
Sulawesi Selatan,2008,740520.0,0.741
Sulawesi Selatan,2009,905000.0,0.905
Sulawesi Selatan,2010,1000000.0,1.0
Sulawesi Selatan,2011,1100000.0,1.1
Sulawesi Selatan,2012,1200000.0,1.2
Sulawesi Selatan,2013,1440000.0,1.44
Sulawesi Selatan,2014,1800000.0,1.8
Sulawesi Selatan,2015,2000000.0,2.0
Sulawesi Selatan,2016,2250000.0,2.25
Sulawesi Selatan,2017,2435625.0,2.436
Sulawesi Selatan,2018,2647767.0,2.648
Sulawesi Selatan,2019,2860382.0,2.86
Sulawesi Selatan,2020,3103800.0,3.104
Sulawesi Selatan,2021,3165876.0,3.166
Sulawesi Selatan,2022,3165876.0,3.166
Sulawesi Selatan,2026,3921088.0,3.921
Sulawesi Tengah,2002,350000.0,0.35
Sulawesi Tengah,2003,410000.0,0.41
Sulawesi Tengah,2004,450000.0,0.45
Sulawesi Tengah,2005,490000.0,0.49
Sulawesi Tengah,2006,575000.0,0.575
Sulawesi Tengah,2007,615000.0,0.615
Sulawesi Tengah,2008,670000.0,0.67
Sulawesi Tengah,2009,720000.0,0.72
Sulawesi Tengah,2010,777500.0,0.778
Sulawesi Tengah,2011,827500.0,0.828
Sulawesi Tengah,2012,885000.0,0.885
Sulawesi Tengah,2013,995000.0,0.995
Sulawesi Tengah,2014,1250000.0,1.25
Sulawesi Tengah,2015,1500000.0,1.5
Sulawesi Tengah,2016,1670000.0,1.67
Sulawesi Tengah,2017,1807775.0,1.808
Sulawesi Tengah,2018,1965232.0,1.965
Sulawesi Tengah,2019,2123040.0,2.123
Sulawesi Tengah,2020,2303711.0,2.304
Sulawesi Tengah,2021,2303711.0,2.304
Sulawesi Tengah,2022,2390739.0,2.391
Sulawesi Tengah,2026,3179565.0,3.18
Sulawesi Tenggara,2002,325000.0,0.325
Sulawesi Tenggara,2003,390000.0,0.39
Sulawesi Tenggara,2004,470000.0,0.47
Sulawesi Tenggara,2005,498600.0,0.499
Sulawesi Tenggara,2006,573400.0,0.573
Sulawesi Tenggara,2007,640000.0,0.64
Sulawesi Tenggara,2008,700000.0,0.7
Sulawesi Tenggara,2009,770000.0,0.77
Sulawesi Tenggara,2010,860000.0,0.86
Sulawesi Tenggara,2011,930000.0,0.93
Sulawesi Tenggara,2012,1032300.0,1.032
Sulawesi Tenggara,2013,1125207.0,1.125
Sulawesi Tenggara,2014,1400000.0,1.4
Sulawesi Tenggara,2015,1652000.0,1.652
Sulawesi Tenggara,2016,1850000.0,1.85
Sulawesi Tenggara,2017,2002625.0,2.003
Sulawesi Tenggara,2018,2177052.0,2.177
Sulawesi Tenggara,2019,2351870.0,2.352
Sulawesi Tenggara,2020,2552015.0,2.552
Sulawesi Tenggara,2021,2552014.0,2.552
Sulawesi Tenggara,2022,2710596.0,2.711
Sulawesi Tenggara,2026,3306496.0,3.306
Sulawesi Utara,2002,438000.0,0.438
Sulawesi Utara,2003,495000.0,0.495
Sulawesi Utara,2004,545000.0,0.545
Sulawesi Utara,2005,600000.0,0.6
Sulawesi Utara,2006,713500.0,0.714
Sulawesi Utara,2007,750000.0,0.75
Sulawesi Utara,2008,845000.0,0.845
Sulawesi Utara,2009,929500.0,0.93
Sulawesi Utara,2010,1000000.0,1.0
Sulawesi Utara,2011,1050000.0,1.05
Sulawesi Utara,2012,1250000.0,1.25
Sulawesi Utara,2013,1550000.0,1.55
Sulawesi Utara,2014,1900000.0,1.9
Sulawesi Utara,2015,2150000.0,2.15
Sulawesi Utara,2016,2400000.0,2.4
Sulawesi Utara,2017,2598000.0,2.598
Sulawesi Utara,2018,2824286.0,2.824
Sulawesi Utara,2019,3051076.0,3.051
Sulawesi Utara,2020,3310723.0,3.311
Sulawesi Utara,2021,3310723.0,3.311
Sulawesi Utara,2022,3310723.0,3.311
Sulawesi Utara,2026,4002630.0,4.003
Sumatera Barat,2002,385000.0,0.385
Sumatera Barat,2003,435000.0,0.435
Sumatera Barat,2004,480000.0,0.48
Sumatera Barat,2005,540000.0,0.54
Sumatera Barat,2006,650000.0,0.65
Sumatera Barat,2007,725000.0,0.725
Sumatera Barat,2008,800000.0,0.8
Sumatera Barat,2009,880000.0,0.88
Sumatera Barat,2010,940000.0,0.94
Sumatera Barat,2011,1055000.0,1.055
Sumatera Barat,2012,1150000.0,1.15
Sumatera Barat,2013,1350000.0,1.35
Sumatera Barat,2014,1490000.0,1.49
Sumatera Barat,2015,1615000.0,1.615
Sumatera Barat,2016,1800725.0,1.801
Sumatera Barat,2017,1949284.0,1.949
Sumatera Barat,2018,2119067.0,2.119
Sumatera Barat,2019,2289220.0,2.289
Sumatera Barat,2020,2484041.0,2.484
Sumatera Barat,2021,2484041.0,2.484
Sumatera Barat,2022,2512539.0,2.513
Sumatera Barat,2026,3182955.0,3.183
Sumatera Selatan,2002,331500.0,0.332
Sumatera Selatan,2003,403500.0,0.404
Sumatera Selatan,2004,460000.0,0.46
Sumatera Selatan,2005,503700.0,0.504
Sumatera Selatan,2006,604000.0,0.604
Sumatera Selatan,2007,662000.0,0.662
Sumatera Selatan,2008,743000.0,0.743
Sumatera Selatan,2009,824730.0,0.825
Sumatera Selatan,2010,927825.0,0.928
Sumatera Selatan,2011,1048440.0,1.048
Sumatera Selatan,2012,1195220.0,1.195
Sumatera Selatan,2013,1630000.0,1.63
Sumatera Selatan,2014,1825000.0,1.825
Sumatera Selatan,2015,1974346.0,1.974
Sumatera Selatan,2016,2206000.0,2.206
Sumatera Selatan,2017,2388000.0,2.388
Sumatera Selatan,2018,2595995.0,2.596
Sumatera Selatan,2019,2804453.0,2.804
Sumatera Selatan,2020,3043111.0,3.043
Sumatera Selatan,2021,3043111.0,3.043
Sumatera Selatan,2022,3144446.0,3.144
Sumatera Selatan,2026,3942963.0,3.943
Sumatera Utara,2002,464000.0,0.464
Sumatera Utara,2003,505000.0,0.505
Sumatera Utara,2004,537000.0,0.537
Sumatera Utara,2005,600000.0,0.6
Sumatera Utara,2006,737794.0,0.738
Sumatera Utara,2007,761000.0,0.761
Sumatera Utara,2008,822205.0,0.822
Sumatera Utara,2009,905000.0,0.905
Sumatera Utara,2010,965000.0,0.965
Sumatera Utara,2011,1035500.0,1.036
Sumatera Utara,2012,1200000.0,1.2
Sumatera Utara,2013,1375000.0,1.375
Sumatera Utara,2014,1505850.0,1.506
Sumatera Utara,2015,1625000.0,1.625
Sumatera Utara,2016,1811875.0,1.812
Sumatera Utara,2017,1961354.0,1.961
Sumatera Utara,2018,2132189.0,2.132
Sumatera Utara,2019,2303403.0,2.303
Sumatera Utara,2020,2499423.0,2.499
Sumatera Utara,2021,2499423.0,2.499
Sumatera Utara,2022,2522610.0,2.523
Sumatera Utara,2026,3228949.0,3.229
